keyword,url
ceramica,https://listado.mercadolibre.com.co/ceramica#trend
cigarro electrico,https://listado.mercadolibre.com.co/cigarro-electrico#trend
gps garmin,https://listado.mercadolibre.com.co/gps-garmin#trend
garmin,https://listado.mercadolibre.com.co/garmin#trend
remolques,https://listado.mercadolibre.com.co/remolques#trend
remolque,https://listado.mercadolibre.com.co/remolque#trend
carpa para carro,https://listado.mercadolibre.com.co/carpa-para-carro#trend
pijama carro impermeable,https://listado.mercadolibre.com.co/pijama-carro-impermeable#trend
pijama para carro,https://listado.mercadolibre.com.co/pijama-para-carro#trend
pijamas para carro,https://listado.mercadolibre.com.co/pijamas-para-carro#trend
neumann u87 ai kit,https://listado.mercadolibre.com.co/neumann-u87-ai-kit#trend
pc gamer,https://listado.mercadolibre.com.co/pc-gamer#trend
tanque aero inoxidable,https://listado.mercadolibre.com.co/tanque-aero-inoxidable#trend
xbox,https://listado.mercadolibre.com.co/xbox#trend
dolares,https://listado.mercadolibre.com.co/dolares#trend
cali,https://listado.mercadolibre.com.co/cali#trend
silla gamer,https://listado.mercadolibre.com.co/silla-gamer#trend
oculus quest 2,https://listado.mercadolibre.com.co/oculus-quest-2#trend
silla escritorio,https://listado.mercadolibre.com.co/silla-escritorio#trend
monitor,https://listado.mercadolibre.com.co/monitor#trend
calculadora cientifica,https://listado.mercadolibre.com.co/calculadora-cientifica#trend
bolsa cuerpo oponente,https://listado.mercadolibre.com.co/bolsa-cuerpo-oponente#trend
lamborghini,https://listado.mercadolibre.com.co/lamborghini#trend
audifonos,https://listado.mercadolibre.com.co/audifonos#trend
neumann u87 ai,https://listado.mercadolibre.com.co/neumann-u87-ai#trend
hidrolavadora,https://listado.mercadolibre.com.co/hidrolavadora#trend
bolsos mujer,https://listado.mercadolibre.com.co/bolsos-mujer#trend
bogota,https://listado.mercadolibre.com.co/bogota#trend
control ps5,https://listado.mercadolibre.com.co/control-ps5#trend
camaras fujifilm,https://listado.mercadolibre.com.co/camaras-fujifilm#trend
carros,https://listado.mercadolibre.com.co/carros#trend
bmw,https://listado.mercadolibre.com.co/bmw#trend
mazda 3,https://listado.mercadolibre.com.co/mazda-3#trend
ofertas,https://listado.mercadolibre.com.co/ofertas#trend
motos,https://listado.mercadolibre.com.co/motos#trend
carro,https://listado.mercadolibre.com.co/carro#trend
toyota,https://listado.mercadolibre.com.co/toyota#trend
mazda 2,https://listado.mercadolibre.com.co/mazda-2#trend
audifonos,https://listado.mercadolibre.com.co/audifonos#trend
chevrolet,https://listado.mercadolibre.com.co/chevrolet#trend
mazda,https://listado.mercadolibre.com.co/mazda#trend
chevrolet spark,https://listado.mercadolibre.com.co/chevrolet-spark#trend
escritorio,https://listado.mercadolibre.com.co/escritorio#trend
moto,https://listado.mercadolibre.com.co/moto#trend
mercedes benz,https://listado.mercadolibre.com.co/mercedes-benz#trend
montero mitsubishi,https://listado.mercadolibre.com.co/montero-mitsubishi#trend
reloj hombre,https://listado.mercadolibre.com.co/reloj-hombre#trend
toyota prado,https://listado.mercadolibre.com.co/toyota-prado#trend
camionetas 4x4,https://listado.mercadolibre.com.co/camionetas-4x4#trend
kia sportage,https://listado.mercadolibre.com.co/kia-sportage#trend
